{"./":{"url":"./","title":"简介","keywords":"","body":"1、ClientShell框架简述 集成了浏览器引擎与ReactNative环境的框架，可以通过配置化来设置框架的场景，是浏览器项目，还是ReactNative项目，通过配置导航条的背景色与导航字体样式等来简单的快速构建你的项目，其中内置了百度统计，百度地图基础定位，极光推送等第三方SDK，以降低开发成本和提高开发效率。 "},"chapter1.html":{"url":"chapter1.html","title":"配置说明","keywords":"","body":"2、ClientShell配置手册 1.2.1、ClientShell的全局配置 1.2.2、ClientShell的使用方法 "},"213001-quan-ju-pei-zhi.html":{"url":"213001-quan-ju-pei-zhi.html","title":"全局配置","keywords":"","body":"2.1、ClientShell的全局配置 配置文件位于BAE_react/Info.plist中，如下图： 1、BCFlowConfig，框架流程设置 BCFlowType设置为0时，则根据BCBrowserIndexPage的设置加载一个浏览器页。 MenuGroupIcon：是指浏览器的图标，可以不设置 MenuGroupTitle：网页的标题 MenuGroupURL：网页地址 MenuGroupIsLocaltion：设置是否需要加载本地的网页 MenuGroupLocaltionURL：加载本地网页对应的文件夹路径 BCFlowType设置为1是代表是ReactNative项目。默认启动main.jsbundle这个页面。 BCFlowType设置为2时是代表原生项目，则启动BCNativeViewControllers中设置的原生页面。 2、BCKeyConfig是第三方类库对应的appkey，通过修改下面的配置可以实现appkey的替换。 BaiduMapKey是百度地图的appKey， BaiduMobStatAppID是百度统计的appid JPushAppKey是极光推送的appkey。 3、BCThemeConfig主题样式设置，通过此处可以设置应用的导航样式与加载条的颜色。 NaviBar的样式可以设置NaviBar的字体的颜色与字体及设置NaviBar的导航背景色。 通过WebViewProgressBarTintColor可以设置可以修改浏览器加载进度条的颜色。 "},"clientshellshi-yong-shou-ce.html":{"url":"clientshellshi-yong-shou-ce.html","title":"使用方法","keywords":"","body":"2.2、ClientShell的使用方法 浏览器引擎的使用方法，H5调用原生的方法，极光推送，百度统计等常用api的使用。 "},"221liu-lan-qi-yin-qing.html":{"url":"221liu-lan-qi-yin-qing.html","title":"浏览器引擎","keywords":"","body":"2.2.1、浏览器引擎 h5与原生的交互，见js文件 BoncAppEngine.js 1.2.2.1.1~1.2.2.1.10 ios与android通用。 "},"2213001-jie-ping-fen-xiang.html":{"url":"2213001-jie-ping-fen-xiang.html","title":"截屏分享","keywords":"","body":"2.2.1.1、截屏分享 1、js方法： //flag android截屏分三种模式截屏，flag表示采用的方式 0 截取activity 1 截取view 2 截取webview IOS只支持一种，activity,故默认传0 screenShoot: function (flag, success, error) { this.successHandler = success; this.errorHandler = error; var paramsList = [flag]; var uri = 'mobile-service://?object=screen&command=screenShot&params='+ JSON.stringify(paramsList); callObject(uri); } } 2、h5调用截屏分享的方法 function(info){output.innerHTML= 'screenShootInfo: '+info.codeInfo;}, function(error){output.innerHTML= 'screenShootError: '+error.description;})\">screenshoot "},"2223001-bai-du-di-tu-ding-wei.html":{"url":"2223001-bai-du-di-tu-ding-wei.html","title":"百度地图定位","keywords":"","body":"2.2.1.2、百度地图定位 1、js方法： //定位对象locationManager； locationManager: { //原生定位成功的回调句柄，其中包括用户的经度、纬度、移动速度及其他 successHandler: function(location){}, //原生定位失败的回调句柄 errorHandler: function(error){}, //js调用开始定位，原生平台（ios、android）会通过原生代码调用handler回调 start: function(success,error){ this.successHandler=success.bind(this); this.errorHandler=error.bind(this); var uri='mobile-service://?object=locationManager&command=start'; callObject(uri); }, //js调用停止定位（当页面不在需要定位功能时，请务必调用此函数关闭定位，保持电量） stop: function(){ var uri='mobile-service://?object=locationManager&command=stop'; callObject(uri); } } 2、h5调用定位的方法 //开始定位 function (location) { output.innerHTML='longitude:'+location.longitude+' latitude:'+location['latitude']+'speed:'+location.speed+'timestamp:'+location['timestamp'];}, function (error){ output.innerHTML= 'locationError: '+error.description; })\">start location //结束定位 stop location "},"22133001-tong-xun-lu.html":{"url":"22133001-tong-xun-lu.html","title":"通讯录","keywords":"","body":"2.2.1.3、通讯录 1、js方法： //手机通讯录对象contacts contacts: { //原生创建联系人成功的回调句柄 newContactSuccessHandler: function(conatactInfo){}, //原生创建联系人取消的回调句柄 newContactCancleHandler: function(){}, //原生访问联系人出错的回到句柄 newContactErrorHandler: function(errror){}, //js调用创建联系人 newContact: function(success,cancle,error){ this.newContactSuccessHandler=success; this.newContactCancleHandler=cancle; this.newContactErrorHandler=error; var uri='mobile-service://?object=contacts&command=newContact'; callObject(uri); }, //选择联系人成功的回调句柄 chooseContactSuccessHandler: function(conatactInfo){}, //选择联系人取消的回调句柄 chooseContactCancleHandler: function(){}, //选择联系人错误的回调句柄 chooseContactErrorHandler: function(errror){}, //js调用选择联系人 chooseContact: function(success,cancle,error){ this.chooseContactSuccessHandler=success; this.chooseContactCancleHandler=cancle; this.chooseContactErrorHandler=error; var uri='mobile-service://?object=contacts&command=chooseContact'; callObject(uri); } }, 2、H5调用通讯录的方法 //创建联系人 function (contactInfo){output.innerHTML= 'contactID: '+contactInfo['id']}, function(){}, function(error){output.innerHTML= 'newContactError: '+error.description;})\">create contact //选择联系人 function(conatactInfo){ }, function(){}, function(error){output.innerHTML= 'chooseContactError: '+error.description;})\">choose contact "},"22143001-she-bei-xin-xi.html":{"url":"22143001-she-bei-xin-xi.html","title":"设备信息","keywords":"","body":"2.2.1.4、设备信息 可以获取设备的名称，设备型号，设备的系统名称，系统版本号，UUID，wifi的名称与wifi的mac地址等信息。 1、js方法： //设备对象 device: { //原生获取设备信息成功的回调句柄，其中包括用户的经度、纬度、移动速度及其他 successHandler: function(deviceInfo){}, //原生获取设备信息失败的回调句柄 errorHandler: function(error){}, //js调用获取设备信息 getDeviceInfo: function(success,error){ this.successHandler=success; this.errorHandler=error; var uri='mobile-service://?object=device&command=getDeviceInfo'; callObject(uri); } 2、H5的调用方法 function (device) { output.innerHTML='name:'+device.name+' model:'+device['detailModel']+'platform:'+device.platform+'version:'+device['version']; }, function (error){ output.innerHTML= 'GetDeviceInfoError: '+error.description; })\">deviceInfo "},"22153001-jia-su-du-ji.html":{"url":"22153001-jia-su-du-ji.html","title":"加速度计","keywords":"","body":"2.2.1.5、加速度计 可以获取设备的名称，设备型号，设备的系统名称，系统版本号，UUID，wifi的名称与wifi的mac地址等信息。 1、js方法： //设备对象 device: { //原生获取设备信息成功的回调句柄，其中包括用户的经度、纬度、移动速度及其他 successHandler: function(deviceInfo){}, //原生获取设备信息失败的回调句柄 errorHandler: function(error){}, //js调用获取设备信息 getDeviceInfo: function(success,error){ this.successHandler=success; this.errorHandler=error; var uri='mobile-service://?object=device&command=getDeviceInfo'; callObject(uri); } 2、H5的调用方法 function (device) { output.innerHTML='name:'+device.name+' model:'+device['detailModel']+'platform:'+device.platform+'version:'+device['version']; }, function (error){ output.innerHTML= 'GetDeviceInfoError: '+error.description; })\">deviceInfo "},"22163001-xiang-ji-pai-zhao.html":{"url":"22163001-xiang-ji-pai-zhao.html","title":"相机拍照","keywords":"","body":"2.2.1.6、相机拍照 1、js方法： //相机需要获取的媒体类型 mediaType:{ JPEG:0, PNG:1 }, //相机对象camera camera: { //原生拍照成功的回调句柄，其中包括照片数据Base64编码的字符串，以及照片的类型； successHandler: function(imageInfo){}, //原生拍照发生错误的回调句柄 errorHandler: function(errror){}, //原生用户取消拍照的回调句柄 cancelHandler: function(){}, //js调用拍照 takePhoto: function(mediaType,quality,success,cancle,error){ this.successHandler=success; this.cancleHandler=cancle; this.errorHandler=error; var uri='mobile-service://?object=camera&command=takePhoto&params=['+mediaType+','+quality+']'; callObject(uri); } } 2、H5的调用方法 function (imageInfo) { var image= document.getElementById('iamge'); image.src=imageInfo.dataURL; }, null, function (error){ output.innerHTML= 'TakePhotoError: '+error.description; })\">camera "},"22173001-er-wei-ma-sao-miao.html":{"url":"22173001-er-wei-ma-sao-miao.html","title":"二维码扫描","keywords":"","body":"2.2.1.7、二维码扫描 1、js方法： codeScanner: { //原生扫描成功的回调句柄，其中包括用户的经度、纬度、移动速度及其他 successHandler: function(codeInfo){}, //原生扫描失败的回调句柄 errorHandler: function(error){}, //原生用户取消扫描操作的回调句柄 cancleHandler: function(){}, //js调用扫描 scan: function(success,cancle,error){ this.successHandler=success; this.cancleHandler=cancle; this.errorHandler=error; var uri='mobile-service://?object=codeScanner&command=scan'; callObject(uri); } } 2、H5的调用方法 function (info){output.innerHTML= 'CodeScanInfo: '+info.codeInfo;}, null, function (error){output.innerHTML= 'CodeScanError: '+error.description;})\">scanCode "},"she-zhi-dao-hang.html":{"url":"she-zhi-dao-hang.html","title":"设置导航","keywords":"","body":"2.2.1.8、设置导航 1、js方法： //设置导航 webNavigation: { successHandler: function(success) {}, errorHandler: function(error) {}, //点击右上角导航后的操作 parentItemHandler:function(id){}, //点击展出的弹出框的操作 childItemHandler:function(id){}, //navigationBg控制背景，navigationModule控制导航栏显示 setNaviagtionShowStyle: function(navigationSetting, success, error) { this.successHandler = success; this.errorHandler = error; var uri = 'mobile-service://?object=webNavigation&command=navigationShowStyle&params='+navigationSetting+''; callObject(uri); }, //设置导航标题 titleObj中标题对应的key为navigationTitle setNaviagtionTitle: function(titleObj) { var uri = 'mobile-service://?object=webNavigation&command=setNaviagtionTitle&params='+titleObj+''; callObject(uri); } } 2、H5的调用方法 导航标题按钮 'navigationBarStyle': { 'webTopHeight': '500', 'barBgColor': 'ff6b6fdd', 'barShadeStyle': '1' }, 'naviRightBtnList': [{ 'id': '0', 'netImageUrl': 'http://www.126.com/favicon.ico', 'localImageName': '我', 'btnTitleName': '名称0', 'childElement': [{ 'id': '0', 'netImageUrl': 'https://www.baidu.com/img/bd\\_logo1.png', 'localImageName': '我', 'btnTitleName': '我真是个程序员，绝对经典绝对经典搭建见', 'subListBgColor': 'F05677', 'subListTextColor': '022135' }, { 'id': '1', 'netImageUrl': 'https://www.baidu.com/img/bd\\_logo1.png', 'localImageName': 'fuck', 'btnTitleName': '我', 'subListBgColor': 'F05677', 'subListTextColor': '022135' } ] }, { 'id': '1', 'localImageName': 'fuck', 'btnTitleName': '名称1', 'childElement': [{ 'id': '2', 'netImageUrl': 'https://www.baidu.com/img/bd\\_logo1.png', 'localImageName': 'fuck', 'btnTitleName': '我', 'subListBgColor': 'F05677', 'subListTextColor': '022135' }, { 'id': '3', 'netImageUrl': 'https://www.baidu.com/img/bd\\_logo1.png', 'localImageName': '我', 'btnTitleName': '我', 'subListBgColor': 'F05677', 'subListTextColor': '022135' } ] } ] } ))\">测试按钮 "},"wen-jian-yu-lan.html":{"url":"wen-jian-yu-lan.html","title":"文件预览","keywords":"","body":"2.2.1.9、文件预览 1、js方法： //文件 file:{ //查看文件 fileObj中文件地址对应的key为fileUrl successHandler:function(success){}, errorHandler:function(error){}, viewFile: function(fileObj,success,error) { this.successHandler = success; this.errorHandler = error; var uri = 'mobile-service://?object=file&command=viewFile&params='+fileObj+''; callObject(uri); } } 2、H5的调用方法 http://172.16.63.108:8080/resources/demo.docx.zip', function(success){ output.innerHTML= 'info: '+success.description; },function(error){ output.innerHTML = 'info: '+error.description; })\">打开文件 "},"guan-bi-liu-lan-qi.html":{"url":"guan-bi-liu-lan-qi.html","title":"关闭浏览器","keywords":"","body":"2.2.1.10、关闭浏览器 1、js方法： //关闭浏览器 shutdown:function(){ var uri = 'mobile-service://?object=self&command=shutdown'; callObject(uri); } 2、H5的调用方法 exit "},"xi-tong-fen-xiang.html":{"url":"xi-tong-fen-xiang.html","title":"系统分享","keywords":"","body":"2.2.1.11、系统分享 1、js方法： //分享文本内容及链接 systemShare:{ successHandler: function (successo) { }, errorHandler: function (error) { }, //contents,可以传输的内容 contents内传输的是文本内容与对应的链接格式为JSON.stringify({'title':'abcdX','shareUrl':'http://www.baidu.com'}\\) systemShare: function (contents,success, error) { this.successHandler = success; this.errorHandler = error; varuri = 'mobile-service://?object=share&command=link&params='+contents; callObject(uri); } } 2、h5调用分享的方法 注：分享地址需要用urlencode进行编码。 function(info){output.innerHTML= 'shareInfo: '+info.codeInfo;}, function(error){output.innerHTML= 'shareError: '+error.description;})\">systemShare "},"22183001-liu-lan-qi-kuo-zhan.html":{"url":"22183001-liu-lan-qi-kuo-zhan.html","title":"浏览器扩展功能","keywords":"","body":"2.2.1.12、浏览器扩展 1、拦截器扩展 继承BNCWebViewURLInterceptor，实现performObject的方法 //具体的拦截处理操作。用户可以重写这个函数，根据参数做出自己的个性化处理。 -(void)performObject:(NSString*)object command:(NSString*)command withParam:(id)jsonObject{ [super performObject:object command:command withParam:jsonObject]; //code here } 2、视图控制器 BNCWebViewController //浏览器视图 @property (nonatomic,strong)UIWebView* myWebView; //返回按钮的图片 @property (nonatomic,strong)UIImage* backBtnImage; //关闭按钮的图片 @property (nonatomic,strong)UIImage* closeBtnImage; //进度条的高度 @property (nonatomic,assign)CGFloat progressBarHeight; //进度条的颜色 @property (nonatomic,strong) UIColor* progressBarTintColor; //返回按钮 @property (nonatomic,strong,readonly)UIButton* backBtn; //关闭按钮 @property (nonatomic,strong,readonly)UIButton* closeBtn; // webView要显示的url @property (nonatomic,strong)NSURL* rootURL; // webView的url拦截器 @property (nonatomic,strong)BNCWebViewURLInterceptor* interceptor; // 错误提示 @property (nonatomic,strong)BNCNetWorkErrorView* errorView; // 该控制器是否可以返回上一控制器 @property (nonatomic,assign) BOOL canGoBack; // 进度条 @property (nonatomic,strong)BNCWebViewProgressView*progressView; // 进度生成器 @property (nonatomic,strong)BNCWebViewProgress*progressProxy; // 渐变样式 @property (nonatomic,assign)BarShadeStyle webBarShadeStyle; @property (nonatomic,strong)UIColor* barBgColor; @property (nonatomic,assign)CGFloat webTopHeight; @property (nonatomic,assign)CGFloat barShadeHeight; //提供权限信息的代理 @property (nonatomic,strong) id permissionDelegate; //挂载自定义的拦截器 -(void)setInterceptor:(BNCWebViewURLInterceptor *)newInterceptor; //创建方法 当该控制器为导航控制器的根控制器时goBack应设为NO，否则应设为YES -(instancetype)initWithURL:(NSURL*)webURL canGoBack:(BOOL)goBack; //此方法会在每次加载URL时对导航条状态进行还原（只还原导航条渐变样式及右侧items，并不影响左侧的items和导航条其他属性），可复写 (void)restoreBarStyleDefault; //当导航条由原生控制时，可通过以下两方法进行设置： //对导航条右侧按钮和导航条背景样式进行设置 attributeDic的范例在文件底部注释中 (void)setNavigationBarWithDictionary:(NSDictionary *)attributeDic; //只对导航条背景样式进行设置 attributeDic的范例为上述attributeDic中navigationBarStyle对应的数据 (void)setNavigationBarBackgroundStyleWithDictionary:(NSDictionary *)attributeDic; //设置导航标题 (void)setNavigationBarTitle:(NSDictionary *)titleObj; /** js回调方法 @param object js对象 @param handler js中对应的方法 @param param 传送的参数 */ -(void)callObject:(NSString*)object withHandler:(NSString*)handler param:(id)param; //网页执行JS的入口 (NSString *)stringByEvaluatingJavaScriptFromString:(NSString *)script; /*获取实时下载信息，此方法在下载进度发生变化时会调用，可复写 @param url 当前正在下载的资源地址 @param totalBytesWritten 已经写入沙盒的大小 @param totalBytesExpectedToWrite 文件总大小 */ (void)downloadUrl:(NSURL *)url totalBytesWritten:(int64_t)totalBytesWritten totalBytesExpectedToWrite:(int64_t)totalBytesExpectedToWrite; //查看网络附件 (void)viewFileWithFileUrl:(NSDictionary *)fileUrlObj; //查看本地附件 (void)viewFileWithFilePath:(NSString *)filePath; //以下为监听webview加载URL过程中触发的方法,子类可复写 //是否允许加载url (BOOL)webViewShouldStartLoadUrl:(NSURL *)url navigationType:(UIWebViewNavigationType)navigationType; //加载完成 (void)webViewDidFinishLoadUrl:(NSURL *)url; //加载失败 (void)webViewDidFailLoadUrl:(NSURL *)url WithError:(NSError *)error; //设置导航左侧显示关闭和返回按钮的方法，如有特殊需求可复写 -(void)loadBackButtonsNeedShutDwonButton:(BOOL)needShutDown canGoBack:(BOOL)goBack; "},"2223001-ji-guang-tui-song.html":{"url":"2223001-ji-guang-tui-song.html","title":"极光推送","keywords":"","body":"2.2.2、极光推送 BCMessageNotiService继承自JPUSHService 单独封装了极光的消息注册。 +(void)registerRemoteNotificationWithOption:(NSDictionary *)launchingOption appKey:(NSString *)appKey channel:(NSString *)channel apsForProduction:(BOOL)isProduction; 使用方法： [BCMessageNotiService registerRemoteNotificationWithOption:launchOptions appKey:[keyDic valueForKey:@\"JPushAppKey\"] channel:@\"Publish channel\" apsForProduction:YES]; 其他的api参照极光推送api。 "},"2233001-bai-du-tong-ji.html":{"url":"2233001-bai-du-tong-ji.html","title":"百度统计","keywords":"","body":"2.2.3、百度统计 参照百度统计api "},"212-pei-zhi-lei.html":{"url":"212-pei-zhi-lei.html","title":"配置管理类","keywords":"","body":"2.2.4、配置管理类 配置管理类：BCConfigManage /** 获取配置文件所在的资源bundle @return [NSBundle mainBundle] 使用示例: NSBundle *bundle = [[BCConfigManage sharedConfigManager]getResourceBundle]; */ -(NSBundle*)getResourceBundle; /** 根据图片名称与图片类型从资源包中获取图片. @param imgName 图片名称 @param imageType 图片类型,eg: png, jpg,etc @return a image instance 使用示例: [[BCConfigManage sharedConfigManager]imageItemForName:@\"imageName\" ofType:@\"png\"]; */ -(UIImage*)imageItemForName:(NSString*)imgName ofType:(NSString*)imageType; /** 根据图片名称与图片类型及图片在资源包中的相对路径从资源包中获取图片. @param imgName 图片名称 @param imageType 图片类型,eg: png, jpg,etc @param subPath 图片在资源包中的相对路径 @return a image instance 使用示例: [[BCConfigManage sharedConfigManager]imageItemForName:@\"imageName\" ofType:@\"png\"inDirectory:@\"images\"]; */ -(UIImage*)imageItemForName:(NSString *)imgName ofType:(NSString *)imageType inDirectory:(NSString*)subPath; /** 配置文件中获取配置信息字典中的具体项的值 @param 某项的keyPath，eg：BCKeyConfig @return id instance 使用示例: NSDictionary *keyDic =[[BCConfigManage sharedConfigManager]configInfoForKeyPath:@\"BCKeyConfig\"]; */ -(id)configInfoForKeyPath:(NSString*)keyPath; /** 获取配置信息字典中的颜色值 The Color must be in RGBA colore space. The range of color component is 0.0~1.0 and color component is seperated wiht \",\". color eg：0.137, 0.537, 0.988, 1.0 @param 颜色对应的keyPath eg：BCThemeConfig.NaviBar.TextColor @return UIColor a UIColor instance decoded from the configInfo 使用示例： UIColor*naviBarTextColor = [[BCConfigManage sharedConfigManager] colorConfigInfoForKeyPath:@\"BCThemeConfig.NaviBar.TextColor\"]; */ -(UIColor*)colorConfigInfoForKeyPath:(NSString*)keyPath; /** 获取配置信息字典中的字体信息 The string presentation for Font is in format \"B14\" or \"b14\". \"B\" and \"b\" stand for system blod , the number stand for font size. @param 字体对应的keyPath eg：BCThemeConfig.NaviBar.TextFont @return UIFont a UIFont instance decoded from the configInfo 使用示例： UIFont*naviBarTitleFont = [[BCConfigManage sharedConfigManager] fontConfigInfoForKeyPath:@\"BCThemeConfig.NaviBar.TextFont\"]; */ -(UIFont*)fontConfigInfoForKeyPath:(NSString*)keyPath; "},"iconpei-zhi.html":{"url":"iconpei-zhi.html","title":"Icon配置","keywords":"","body":"2.2.5、Icon配置 直接修改icon图片的名称与文件夹中的一致，然后替换掉文件夹中的图片即可。 "},"qi-dong-tu.html":{"url":"qi-dong-tu.html","title":"启动图片","keywords":"","body":"2.2.6、Launchimage配置 直接修改启动图片的名称与文件夹中的一致，然后替换掉文件夹中的图片即可。 "}}